Link;Título;Descrição;FormasPagamento;TempoRestante;Valor avaliação;Valor venda;Desconto (%);Permite FGTS;Permite financiamento
https://venda-imoveis.caixa.gov.br/sistema/detalhe-imovel.asp?hdnOrigem=index&hdnimovel=8444413981631;;;;;;;;Não;Não
https://venda-imoveis.caixa.gov.br/sistema/detalhe-imovel.asp?hdnOrigem=index&hdnimovel=1444415990516;;;;;;;;Não;Não
https://venda-imoveis.caixa.gov.br/sistema/detalhe-imovel.asp?hdnOrigem=index&hdnimovel=8444416488332;;;;;;;;Não;Não
https://venda-imoveis.caixa.gov.br/sistema/detalhe-imovel.asp?hdnOrigem=index&hdnimovel=1444417052394;;;;;;;;Não;Não
https://venda-imoveis.caixa.gov.br/sistema/detalhe-imovel.asp?hdnOrigem=index&hdnimovel=8444401416861;;;;;;;;Não;Não
https://venda-imoveis.caixa.gov.br/sistema/detalhe-imovel.asp?hdnOrigem=index&hdnimovel=8444403795509;;;;;;;;Não;Não
https://venda-imoveis.caixa.gov.br/sistema/detalhe-imovel.asp?hdnOrigem=index&hdnimovel=8787706228026;;;;;;;;Não;Não
https://venda-imoveis.caixa.gov.br/sistema/detalhe-imovel.asp?hdnOrigem=index&hdnimovel=8444425097723;;;;;;;;Não;Não
https://venda-imoveis.caixa.gov.br/sistema/detalhe-imovel.asp?hdnOrigem=index&hdnimovel=8444407199382;;;;;;;;Não;Não
https://venda-imoveis.caixa.gov.br/sistema/detalhe-imovel.asp?hdnOrigem=index&hdnimovel=8787703011166;;;;;;;;Não;Não
https://venda-imoveis.caixa.gov.br/sistema/detalhe-imovel.asp?hdnOrigem=index&hdnimovel=8444401222315;;;;;;;;Não;Não
https://venda-imoveis.caixa.gov.br/sistema/detalhe-imovel.asp?hdnOrigem=index&hdnimovel=8444422197638;;;;;;;;Não;Não
https://venda-imoveis.caixa.gov.br/sistema/detalhe-imovel.asp?hdnOrigem=index&hdnimovel=8444411877187;;;;;;;;Não;Não
https://venda-imoveis.caixa.gov.br/sistema/detalhe-imovel.asp?hdnOrigem=index&hdnimovel=8444418573558;;;;;;;;Não;Não
https://venda-imoveis.caixa.gov.br/sistema/detalhe-imovel.asp?hdnOrigem=index&hdnimovel=8444420366300;;;;;;;;Não;Não
https://venda-imoveis.caixa.gov.br/sistema/detalhe-imovel.asp?hdnOrigem=index&hdnimovel=8444413935460;;;;;;;;Não;Não
https://venda-imoveis.caixa.gov.br/sistema/detalhe-imovel.asp?hdnOrigem=index&hdnimovel=8444417093030;;;;;;;;Não;Não
https://venda-imoveis.caixa.gov.br/sistema/detalhe-imovel.asp?hdnOrigem=index&hdnimovel=8444420967410;;;;;;;;Não;Não
https://venda-imoveis.caixa.gov.br/sistema/detalhe-imovel.asp?hdnOrigem=index&hdnimovel=8444419615998;;;;;;;;Não;Não
https://venda-imoveis.caixa.gov.br/sistema/detalhe-imovel.asp?hdnOrigem=index&hdnimovel=8444413840620;;;;;;;;Não;Não
https://venda-imoveis.caixa.gov.br/sistema/detalhe-imovel.asp?hdnOrigem=index&hdnimovel=8444416472231;;;;;;;;Não;Não
https://venda-imoveis.caixa.gov.br/sistema/detalhe-imovel.asp?hdnOrigem=index&hdnimovel=8555516699027;;;;;;;;Não;Não
https://venda-imoveis.caixa.gov.br/sistema/detalhe-imovel.asp?hdnOrigem=index&hdnimovel=1444414092255;;;;;;;;Não;Não
https://venda-imoveis.caixa.gov.br/sistema/detalhe-imovel.asp?hdnOrigem=index&hdnimovel=8444422588122;;;;;;;;Não;Não
https://venda-imoveis.caixa.gov.br/sistema/detalhe-imovel.asp?hdnOrigem=index&hdnimovel=8444404227857;;;;;;;;Não;Não
https://venda-imoveis.caixa.gov.br/sistema/detalhe-imovel.asp?hdnOrigem=index&hdnimovel=8444410119580;;;;;;;;Não;Não
https://venda-imoveis.caixa.gov.br/sistema/detalhe-imovel.asp?hdnOrigem=index&hdnimovel=8787701262293;;;;;;;;Não;Não
https://venda-imoveis.caixa.gov.br/sistema/detalhe-imovel.asp?hdnOrigem=index&hdnimovel=8444401900615;;;;;;;;Não;Não
https://venda-imoveis.caixa.gov.br/sistema/detalhe-imovel.asp?hdnOrigem=index&hdnimovel=8444418632708;;;;;;;;Não;Não
https://venda-imoveis.caixa.gov.br/sistema/detalhe-imovel.asp?hdnOrigem=index&hdnimovel=1444403097005;;;;;;;;Não;Não
https://venda-imoveis.caixa.gov.br/sistema/detalhe-imovel.asp?hdnOrigem=index&hdnimovel=8444416796690;;;;;;;;Não;Não
https://venda-imoveis.caixa.gov.br/sistema/detalhe-imovel.asp?hdnOrigem=index&hdnimovel=8444424927838;;;;;;;;Não;Não
https://venda-imoveis.caixa.gov.br/sistema/detalhe-imovel.asp?hdnOrigem=index&hdnimovel=8444406609714;;;;;;;;Não;Não
https://venda-imoveis.caixa.gov.br/sistema/detalhe-imovel.asp?hdnOrigem=index&hdnimovel=8444402045379;;;;;;;;Não;Não
https://venda-imoveis.caixa.gov.br/sistema/detalhe-imovel.asp?hdnOrigem=index&hdnimovel=8444410468178;;;;;;;;Não;Não
https://venda-imoveis.caixa.gov.br/sistema/detalhe-imovel.asp?hdnOrigem=index&hdnimovel=8444402465297;;;;;;;;Não;Não
https://venda-imoveis.caixa.gov.br/sistema/detalhe-imovel.asp?hdnOrigem=index&hdnimovel=8555519496038;;;;;;;;Não;Não
https://venda-imoveis.caixa.gov.br/sistema/detalhe-imovel.asp?hdnOrigem=index&hdnimovel=8444418317381;;;;;;;;Não;Não
https://venda-imoveis.caixa.gov.br/sistema/detalhe-imovel.asp?hdnOrigem=index&hdnimovel=8444420199285;;;;;;;;Não;Não
https://venda-imoveis.caixa.gov.br/sistema/detalhe-imovel.asp?hdnOrigem=index&hdnimovel=8444418686735;;;;;;;;Não;Não
https://venda-imoveis.caixa.gov.br/sistema/detalhe-imovel.asp?hdnOrigem=index&hdnimovel=8444422653323;;;;;;;;Não;Não
https://venda-imoveis.caixa.gov.br/sistema/detalhe-imovel.asp?hdnOrigem=index&hdnimovel=8444414793847;;;;;;;;Não;Não
https://venda-imoveis.caixa.gov.br/sistema/detalhe-imovel.asp?hdnOrigem=index&hdnimovel=8444418781851;;;;;;;;Não;Não
https://venda-imoveis.caixa.gov.br/sistema/detalhe-imovel.asp?hdnOrigem=index&hdnimovel=8444405860839;;;;;;;;Não;Não
https://venda-imoveis.caixa.gov.br/sistema/detalhe-imovel.asp?hdnOrigem=index&hdnimovel=8444419318748;;;;;;;;Não;Não
https://venda-imoveis.caixa.gov.br/sistema/detalhe-imovel.asp?hdnOrigem=index&hdnimovel=8787706340047;;;;;;;;Não;Não
https://venda-imoveis.caixa.gov.br/sistema/detalhe-imovel.asp?hdnOrigem=index&hdnimovel=8444420580876;;;;;;;;Não;Não
https://venda-imoveis.caixa.gov.br/sistema/detalhe-imovel.asp?hdnOrigem=index&hdnimovel=8444422477843;;;;;;;;Não;Não
https://venda-imoveis.caixa.gov.br/sistema/detalhe-imovel.asp?hdnOrigem=index&hdnimovel=8444419168061;;;;;;;;Não;Não
https://venda-imoveis.caixa.gov.br/sistema/detalhe-imovel.asp?hdnOrigem=index&hdnimovel=8444422811360;;;;;;;;Não;Não
